<?xml version="1.0" encoding="UTF-8"?>
<project-private xmlns="http://www.netbeans.org/ns/project-private/1">
    <editor-bookmarks xmlns="http://www.netbeans.org/ns/editor-bookmarks/2" lastBookmarkId="0"/>
    <open-files xmlns="http://www.netbeans.org/ns/projectui-open-files/2">
        <group>
            <file>file:/Users/MushyFiq/Desktop/MyFirstApplication/src/myfirstapplication/IAddress.java</file>
            <file>file:/Users/MushyFiq/Desktop/MyFirstApplication/src/myfirstapplication/SavingsAccount.java</file>
            <file>file:/Users/MushyFiq/Desktop/MyFirstApplication/src/myfirstapplication/Account.java</file>
            <file>file:/Users/MushyFiq/Desktop/MyFirstApplication/src/myfirstapplication/ISAAccount.java</file>
            <file>file:/Users/MushyFiq/Desktop/MyFirstApplication/src/myfirstapplication/BranchList.java</file>
            <file>file:/Users/MushyFiq/Desktop/MyFirstApplication/src/myfirstapplication/Person.java</file>
            <file>file:/Users/MushyFiq/Desktop/MyFirstApplication/src/myfirstapplication/Branch.java</file>
            <file>file:/Users/MushyFiq/Desktop/MyFirstApplication/src/myfirstapplication/DateCls.java</file>
            <file>file:/Users/MushyFiq/Desktop/MyFirstApplication/src/myfirstapplication/CurrentAccount.java</file>
            <file>file:/Users/MushyFiq/Desktop/MyFirstApplication/src/myfirstapplication/MainJFrame.java</file>
            <file>file:/Users/MushyFiq/Desktop/MyFirstApplication/src/myfirstapplication/User.java</file>
        </group>
    </open-files>
</project-private>
